GENEID,seqnames,start,end,SAMPLE,QUAL,FILTER,REF,varAllele,ensembl_transcript,CONSEQUENCE,REFCODON,VARCODON,REFAA,VARAA,CDSLOC.start,CDSLOC.end,PROTEINLOC,depthREF,depthALT
ENSG00000118515.11,chr6,134170324,134170324,SRR8512990,329.77,PASS,C,C,ENST00000367858.9,nonsynonymous,GCT,CCT,A,P,1525,1525,509,77,15
ENSG00000118515.11,chr6,134172259,134172259,SRR8512990,6305.77,PASS,G,T,ENST00000367858.9,synonymous,GAC,GAT,D,D,1005,1005,335,247,187
ENSG00000118515.11,chr6,134172259,134172259,SRR8512992,1923.77,PASS,G,T,ENST00000367858.9,synonymous,GAC,GAT,D,D,1005,1005,335,536,92
ENSG00000118515.11,chr6,134171041,134171041,SRR8512995,62.77,PASS,G,T,ENST00000367858.9,synonymous,CTC,CTT,L,L,1305,1305,435,11,4
ENSG00000118515.11,chr6,134171684,134171686,SRR8512995,37.73,PASS,CCA,G,ENST00000367858.9,frameshift,GTGGAC,GGAC,,,1118,1120,373:374,3,2
ENSG00000118515.11,chr6,134172742,134172742,SRR8512995,58.77,PASS,G,T,ENST00000367858.9,synonymous,TTC,TTT,F,F,867,867,289,24,4
ENSG00000118515.11,chr6,134173094,134173094,SRR8512995,44.77,PASS,C,A,ENST00000367858.9,nonsynonymous,GTG,ATG,V,M,763,763,255,2,2
ENSG00000118515.11,chr6,134174070,134174070,SRR8512995,74.77,PASS,G,T,ENST00000367858.9,nonsense,CAG,TAG,Q,*,448,448,150,32,5
ENSG00000118515.11,chr6,134174582,134174582,SRR8512995,70.77,PASS,G,T,ENST00000367858.9,synonymous,TTC,TTT,F,F,366,366,122,7,3
ENSG00000118515.11,chr6,134261996,134261996,SRR8512997,43.77,PASS,G,T,ENST00000367858.9,synonymous,TTC,TTT,F,F,222,222,74,2,2
ENSG00000118515.11,chr6,134171042,134171042,SRR8512998,53.77,PASS,A,C,ENST00000367858.9,nonsynonymous,CTC,CCC,L,P,1304,1304,435,7,3
ENSG00000118515.11,chr6,134173106,134173106,SRR8512998,25.78,QD,G,T,ENST00000367858.9,nonsynonymous,CAC,TAC,H,Y,751,751,251,11,4
ENSG00000118515.11,chr6,134173495,134173495,SRR8512998,57.77,PASS,G,T,ENST00000367858.9,synonymous,TTC,TTT,F,F,585,585,195,10,3
ENSG00000118515.11,chr6,134172259,134172259,SRR8513000,5769.77,PASS,G,T,ENST00000367858.9,synonymous,GAC,GAT,D,D,1005,1005,335,1,143
ENSG00000118515.11,chr6,134207413,134207413,SRR8513004,32.77,PASS,G,T,ENST00000367858.9,nonsynonymous,CAT,TAT,H,Y,304,304,102,3,2
ENSG00000118515.11,chr6,134172259,134172259,SRR8513006,3731.77,PASS,G,T,ENST00000367858.9,synonymous,GAC,GAT,D,D,1005,1005,335,172,110
ENSG00000118515.11,chr6,134172259,134172259,SRR8513007,2059.77,PASS,G,T,ENST00000367858.9,synonymous,GAC,GAT,D,D,1005,1005,335,110,64
ENSG00000118515.11,chr6,134172259,134172259,SRR8513008,1015.77,PASS,G,T,ENST00000367858.9,synonymous,GAC,GAT,D,D,1005,1005,335,49,33
ENSG00000118515.11,chr6,134172259,134172259,SRR8513010,2182.77,PASS,G,T,ENST00000367858.9,synonymous,GAC,GAT,D,D,1005,1005,335,77,66
ENSG00000118515.11,chr6,134171666,134171666,SRR8513011,34.77,QD,C,A,ENST00000367858.9,nonsynonymous,GCT,ACT,A,T,1138,1138,380,17,3
ENSG00000118515.11,chr6,134171668,134171668,SRR8513011,34.77,QD,C,A,ENST00000367858.9,nonsynonymous,GGA,GAA,G,E,1136,1136,379,19,3
ENSG00000118515.11,chr6,134171718,134171718,SRR8513011,62.77,PASS,C,A,ENST00000367858.9,synonymous,GAG,GAA,E,E,1086,1086,362,5,3
ENSG00000118515.11,chr6,134172259,134172259,SRR8513013,6628.77,PASS,G,T,ENST00000367858.9,synonymous,GAC,GAT,D,D,1005,1005,335,59,181
ENSG00000118515.11,chr6,134173115,134173115,SRR8513014,606.77,QD,T,C,ENST00000367858.9,nonsynonymous,AAT,CAT,N,H,742,742,248,331,43
ENSG00000118515.11,chr6,134174074,134174074,SRR8513014,5697.77,PASS,T,G,ENST00000367858.9,synonymous,GAA,GAG,E,E,444,444,148,248,170
ENSG00000118515.11,chr6,134174559,134174559,SRR8513014,8027.77,PASS,A,A,ENST00000367858.9,nonsynonymous,CTG,CAG,L,Q,389,389,130,282,237
ENSG00000118515.11,chr6,134172259,134172259,SRR8513024,5470.77,PASS,G,T,ENST00000367858.9,synonymous,GAC,GAT,D,D,1005,1005,335,186,160
ENSG00000118515.11,chr6,134172259,134172259,SRR8513028,4025.77,PASS,G,T,ENST00000367858.9,synonymous,GAC,GAT,D,D,1005,1005,335,113,117
ENSG00000118515.11,chr6,134173466,134173466,SRR8513035,37.77,QD,C,C,ENST00000367858.9,nonsynonymous,GGA,GCA,G,A,614,614,205,31,4
ENSG00000118515.11,chr6,134174031,134174031,SRR8513035,1048.77,PASS,G,G,ENST00000367858.9,nonsynonymous,CTT,GTT,L,V,487,487,163,43,35
ENSG00000118515.11,chr6,134174586,134174586,SRR8513035,72.77,PASS,G,G,ENST00000367858.9,nonsynonymous,GCT,GGT,A,G,362,362,121,25,5
ENSG00000118515.11,chr6,134172259,134172259,SRR8513036,4194.77,PASS,G,T,ENST00000367858.9,synonymous,GAC,GAT,D,D,1005,1005,335,601,157
ENSG00000118515.11,chr6,134172684,134172684,SRR8513038,9203.77,PASS,G,T,ENST00000367858.9,nonsynonymous,CAT,TAT,H,Y,925,925,309,120,248
ENSG00000118515.11,chr6,134172259,134172259,SRR8513040,7781.77,PASS,G,T,ENST00000367858.9,synonymous,GAC,GAT,D,D,1005,1005,335,295,230
ENSG00000118515.11,chr6,134172259,134172259,SRR8513046,324.77,PASS,G,T,ENST00000367858.9,synonymous,GAC,GAT,D,D,1005,1005,335,141,20
ENSG00000118515.11,chr6,134174544,134174544,SRR8513046,91.77,QD,T,G,ENST00000367858.9,nonsynonymous,CAG,CGG,Q,R,404,404,135,91,10
ENSG00000118515.11,chr6,134172259,134172259,SRR8513047,11367.77,PASS,G,T,ENST00000367858.9,synonymous,GAC,GAT,D,D,1005,1005,335,279,318
ENSG00000118515.11,chr6,134172259,134172259,SRR8513048,4551.77,PASS,G,T,ENST00000367858.9,synonymous,GAC,GAT,D,D,1005,1005,335,135,131
ENSG00000118515.11,chr6,134172259,134172259,SRR8513053,3461.77,PASS,G,T,ENST00000367858.9,synonymous,GAC,GAT,D,D,1005,1005,335,249,116
ENSG00000118515.11,chr6,134172315,134172315,SRR8513056,34.77,PASS,C,T,ENST00000367858.9,nonsynonymous,GAC,TAC,D,Y,949,949,317,7,2
ENSG00000118515.11,chr6,134174540,134174540,SRR8513058,7552.77,FS,C,A,ENST00000367858.9,synonymous,AAG,AAA,K,K,408,408,136,245,215
ENSG00000118515.11,chr6,134262124,134262124,SRR8513058,395.77,PASS,T,G,ENST00000367858.9,nonsynonymous,ATG,GTG,M,V,94,94,32,0,10
ENSG00000118515.11,chr6,134172259,134172259,SRR8513062,11969.77,PASS,G,T,ENST00000367858.9,synonymous,GAC,GAT,D,D,1005,1005,335,302,340
ENSG00000118515.11,chr6,134170402,134170402,SRR8513065,617.77,PASS,C,A,ENST00000367858.9,nonsynonymous,GAG,AAG,E,K,1447,1447,483,42,20
ENSG00000118515.11,chr6,134172259,134172259,SRR8513065,3001.77,PASS,G,T,ENST00000367858.9,synonymous,GAC,GAT,D,D,1005,1005,335,120,88
ENSG00000118515.11,chr6,134172259,134172259,SRR8513067,3067.77,PASS,G,T,ENST00000367858.9,synonymous,GAC,GAT,D,D,1005,1005,335,107,83
ENSG00000118515.11,chr6,134170290,134170290,SRR8513068,20.8,QD,G,T,ENST00000367858.9,nonsynonymous,CCT,CTT,P,L,1559,1559,520,23,3
ENSG00000118515.11,chr6,134173133,134173133,SRR8513068,56.77,PASS,G,T,ENST00000367858.9,nonsynonymous,CGG,TGG,R,W,724,724,242,11,3
ENSG00000118515.11,chr6,134173343,134173343,SRR8513068,112.77,PASS,T,G,ENST00000367858.9,synonymous,AGA,AGG,R,R,633,633,211,6,4
ENSG00000118515.11,chr6,134172259,134172259,SRR8513069,293.77,QD,G,T,ENST00000367858.9,synonymous,GAC,GAT,D,D,1005,1005,335,307,34
ENSG00000118515.11,chr6,134172259,134172259,SRR8513070,2966.77,PASS,G,T,ENST00000367858.9,synonymous,GAC,GAT,D,D,1005,1005,335,268,99
ENSG00000118515.11,chr6,134173343,134173343,SRR8513070,3744.77,PASS,T,G,ENST00000367858.9,synonymous,AGA,AGG,R,R,633,633,211,60,103
ENSG00000118515.11,chr6,134174010,134174010,SRR8513070,2367.77,PASS,G,T,ENST00000367858.9,nonsynonymous,CCT,TCT,P,S,508,508,170,166,75
ENSG00000118515.11,chr6,134173517,134173517,SRR8513071,2361.77,PASS,G,G,ENST00000367858.9,nonsynonymous,GCT,GGT,A,G,563,563,188,322,83
ENSG00000118515.11,chr6,134174045,134174045,SRR8513071,1498.77,PASS,G,T,ENST00000367858.9,nonsynonymous,CCT,CTT,P,L,473,473,158,203,51
ENSG00000118515.11,chr6,134174046,134174046,SRR8513071,1498.77,PASS,G,T,ENST00000367858.9,nonsynonymous,CCT,TCT,P,S,472,472,158,201,51
ENSG00000118515.11,chr6,134174569,134174569,SRR8513071,1086.77,PASS,T,G,ENST00000367858.9,nonsynonymous,AGG,GGG,R,G,379,379,127,132,38
ENSG00000118515.11,chr6,134170892,134170892,SRR8513072,40.77,PASS,G,T,ENST00000367858.9,synonymous,TTC,TTT,F,F,1347,1347,449,4,3
ENSG00000118515.11,chr6,134171147,134171148,SRR8513072,173.73,PASS,AT,T,ENST00000367858.9,frameshift,ATG,TG,,,1198,1199,400,6,7
ENSG00000118515.11,chr6,134172206,134172206,SRR8513072,136.03,PASS,C,C,ENST00000367858.9,nonsynonymous,TGT,TCT,C,S,1058,1058,353,0,4
ENSG00000118515.11,chr6,134172745,134172745,SRR8513072,122.77,PASS,G,T,ENST00000367858.9,synonymous,TGC,TGT,C,C,864,864,288,2,4
ENSG00000118515.11,chr6,134174053,134174053,SRR8513072,40.77,PASS,G,T,ENST00000367858.9,synonymous,ATC,ATT,I,I,465,465,155,1,4
ENSG00000118515.11,chr6,134170412,134170412,SRR8513073,34.77,PASS,G,T,ENST00000367858.9,synonymous,CAC,CAT,H,H,1437,1437,479,4,2
ENSG00000118515.11,chr6,134173047,134173047,SRR8513073,66.77,QD,G,T,ENST00000367858.9,synonymous,GTC,GTT,V,V,810,810,270,29,5
ENSG00000118515.11,chr6,134170420,134170420,SRR8513074,30.77,QD,G,T,ENST00000367858.9,synonymous,CTA,TTA,L,L,1429,1429,477,19,3
ENSG00000118515.11,chr6,134172299,134172301,SRR8513074,29.74,QD,TTC,A,ENST00000367858.9,frameshift,GAGAAT,GAAT,,,963,965,321:322,33,4
ENSG00000118515.11,chr6,134173046,134173046,SRR8513074,29.77,QD,G,T,ENST00000367858.9,synonymous,CTA,TTA,L,L,811,811,271,35,4
ENSG00000118515.11,chr6,134172259,134172259,SRR8513075,5402.77,PASS,G,T,ENST00000367858.9,synonymous,GAC,GAT,D,D,1005,1005,335,63,148
ENSG00000118515.11,chr6,134174520,134174520,SRR8513075,1356.77,PASS,G,T,ENST00000367858.9,nonsynonymous,GCA,GTA,A,V,428,428,143,157,48
ENSG00000118515.11,chr6,134174586,134174586,SRR8513075,307.77,PASS,G,T,ENST00000367858.9,nonsynonymous,GCT,GTT,A,V,362,362,121,124,23
ENSG00000118515.11,chr6,134172259,134172259,SRR8513076,2392.77,PASS,G,T,ENST00000367858.9,synonymous,GAC,GAT,D,D,1005,1005,335,100,73
ENSG00000118515.11,chr6,134172259,134172259,SRR8513078,6446.77,PASS,G,T,ENST00000367858.9,synonymous,GAC,GAT,D,D,1005,1005,335,68,178
ENSG00000118515.11,chr6,134207362,134207362,SRR8513078,38.77,PASS,C,C,ENST00000367858.9,nonsynonymous,GAT,CAT,D,H,355,355,119,3,2
ENSG00000118515.11,chr6,134170287,134170287,SRR8513079,71.77,PASS,G,T,ENST00000367858.9,nonsynonymous,CCC,CTC,P,L,1562,1562,521,6,3
ENSG00000118515.11,chr6,134172196,134172196,SRR8513079,39.77,PASS,C,A,ENST00000367858.9,synonymous,CCG,CCA,P,P,1068,1068,356,13,3
ENSG00000118515.11,chr6,134172223,134172223,SRR8513080,1892.77,PASS,G,T,ENST00000367858.9,synonymous,AGC,AGT,S,S,1041,1041,347,63,58
ENSG00000118515.11,chr6,134172758,134172758,SRR8513080,1888.77,PASS,T,G,ENST00000367858.9,nonsynonymous,CAG,CGG,Q,R,851,851,284,41,53
ENSG00000118515.11,chr6,134173343,134173343,SRR8513080,284.77,PASS,T,G,ENST00000367858.9,synonymous,AGA,AGG,R,R,633,633,211,57,13
ENSG00000118515.11,chr6,134174063,134174063,SRR8513080,2022.77,PASS,A,C,ENST00000367858.9,nonsynonymous,ATC,ACC,I,T,455,455,152,72,54
ENSG00000118515.11,chr6,134174064,134174064,SRR8513080,2022.77,PASS,T,T,ENST00000367858.9,nonsynonymous,ATC,TTC,I,F,454,454,152,72,54
ENSG00000118515.11,chr6,134171139,134171142,SRR8513081,121.73,PASS,TGTC,A,ENST00000367858.9,nonsynonymous,GACAAC,AAC,DN,N,1204,1207,402:403,17,5
ENSG00000118515.11,chr6,134172734,134172734,SRR8513081,34.77,QD,G,T,ENST00000367858.9,nonsynonymous,CCA,CTA,P,L,875,875,292,30,4
ENSG00000118515.11,chr6,134261942,134261942,SRR8513081,51.77,PASS,A,C,ENST00000367858.9,synonymous,TCT,TCC,S,S,276,276,92,8,3
ENSG00000118515.11,chr6,134261969,134261969,SRR8513081,83.77,PASS,G,T,ENST00000367858.9,synonymous,AAC,AAT,N,N,249,249,83,2,3
ENSG00000118515.11,chr6,134170299,134170299,SRR8513082,33.77,PASS,G,T,ENST00000367858.9,nonsynonymous,TCC,TTC,S,F,1550,1550,517,6,2
ENSG00000118515.11,chr6,134170304,134170304,SRR8513082,78.77,PASS,G,T,ENST00000367858.9,synonymous,GGC,GGT,G,G,1545,1545,515,4,3
ENSG00000118515.11,chr6,134170367,134170367,SRR8513082,149.77,PASS,G,T,ENST00000367858.9,synonymous,GGC,GGT,G,G,1482,1482,494,6,5
ENSG00000118515.11,chr6,134170887,134170887,SRR8513082,52.77,PASS,G,T,ENST00000367858.9,nonsynonymous,TCC,TTC,S,F,1352,1352,451,15,3
ENSG00000118515.11,chr6,134170895,134170895,SRR8513082,61.77,PASS,G,T,ENST00000367858.9,synonymous,GTC,GTT,V,V,1344,1344,448,12,3
ENSG00000118515.11,chr6,134171040,134171040,SRR8513082,43.77,PASS,C,A,ENST00000367858.9,nonsynonymous,GGG,AGG,G,R,1306,1306,436,15,5
ENSG00000118515.11,chr6,134172670,134172670,SRR8513082,52.77,QD,G,T,ENST00000367858.9,synonymous,ATC,ATT,I,I,939,939,313,26,4
ENSG00000118515.11,chr6,134172726,134172726,SRR8513082,28.77,QD;SnpCluster,G,T,ENST00000367858.9,nonsynonymous,CGT,TGT,R,C,883,883,295,30,4
ENSG00000118515.11,chr6,134172734,134172734,SRR8513082,88.77,QD;SnpCluster,G,T,ENST00000367858.9,nonsynonymous,CCA,CTA,P,L,875,875,292,45,6
ENSG00000118515.11,chr6,134172759,134172759,SRR8513082,42.77,QD;SnpCluster,G,T,ENST00000367858.9,nonsense,CAG,TAG,Q,*,850,850,284,27,4
ENSG00000118515.11,chr6,134172760,134172760,SRR8513082,107.77,SnpCluster,G,T,ENST00000367858.9,synonymous,CTC,CTT,L,L,849,849,283,23,8
ENSG00000118515.11,chr6,134173062,134173062,SRR8513082,122.77,PASS,G,T,ENST00000367858.9,synonymous,GAC,GAT,D,D,795,795,265,15,6
ENSG00000118515.11,chr6,134174517,134174517,SRR8513082,136.77,PASS,C,T,ENST00000367858.9,nonsynonymous,TGC,TTC,C,F,431,431,144,14,5
ENSG00000118515.11,chr6,134174520,134174520,SRR8513082,136.77,PASS,G,T,ENST00000367858.9,nonsynonymous,GCA,GTA,A,V,428,428,143,15,5
ENSG00000118515.11,chr6,134171727,134171727,SRR8513083,42.77,PASS,G,T,ENST00000367858.9,synonymous,CTC,CTT,L,L,1077,1077,359,15,3
ENSG00000118515.11,chr6,134172259,134172259,SRR8513084,3132.77,PASS,G,T,ENST00000367858.9,synonymous,GAC,GAT,D,D,1005,1005,335,0,77
ENSG00000118515.11,chr6,134173343,134173343,SRR8513085,417.77,PASS,T,G,ENST00000367858.9,synonymous,AGA,AGG,R,R,633,633,211,7,12
ENSG00000118515.11,chr6,134170348,134170348,SRR8513086,41.77,PASS,G,T,ENST00000367858.9,nonsynonymous,CTC,TTC,L,F,1501,1501,501,13,3
ENSG00000118515.11,chr6,134170848,134170848,SRR8513086,27.77,PASS,G,T,ENST00000367858.9,nonsynonymous,ACT,ATT,T,I,1391,1391,464,8,2
ENSG00000118515.11,chr6,134171705,134171705,SRR8513086,52.77,PASS,G,T,ENST00000367858.9,nonsense,CAG,TAG,Q,*,1099,1099,367,12,3
ENSG00000118515.11,chr6,134172259,134172259,SRR8513086,533.77,PASS,G,T,ENST00000367858.9,synonymous,GAC,GAT,D,D,1005,1005,335,23,17
ENSG00000118515.11,chr6,134172688,134172688,SRR8513086,40.77,QD,G,T,ENST00000367858.9,synonymous,TAC,TAT,Y,Y,921,921,307,31,5
ENSG00000118515.11,chr6,134172218,134172218,SRR8513087,24.78,PASS,G,T,ENST00000367858.9,nonsynonymous,ACA,ATA,T,I,1046,1046,349,9,2
ENSG00000118515.11,chr6,134172259,134172259,SRR8513087,561.77,PASS,G,T,ENST00000367858.9,synonymous,GAC,GAT,D,D,1005,1005,335,16,17
ENSG00000118515.11,chr6,134171729,134171729,SRR8513088,30.77,QD,G,T,ENST00000367858.9,nonsynonymous,CTC,TTC,L,F,1075,1075,359,20,3
ENSG00000118515.11,chr6,134172730,134172730,SRR8513092,2259.77,PASS,C,T,ENST00000367858.9,synonymous,CGG,CGT,R,R,879,879,293,14,59
ENSG00000118515.11,chr6,134174586,134174586,SRR8513094,374.77,PASS,G,T,ENST00000367858.9,nonsynonymous,GCT,GTT,A,V,362,362,121,67,20
ENSG00000118515.11,chr6,134171046,134171046,SRR8513100,34.77,QD,G,T,ENST00000367858.9,nonsynonymous,CGG,TGG,R,W,1300,1300,434,18,3
ENSG00000118515.11,chr6,134173041,134173041,SRR8513100,33.77,QD,G,T,ENST00000367858.9,synonymous,GAC,GAT,D,D,816,816,272,17,4
ENSG00000118515.11,chr6,134173069,134173069,SRR8513103,2309.77,PASS,G,G,ENST00000367858.9,nonsynonymous,ACT,AGT,T,S,788,788,263,100,72
ENSG00000118515.11,chr6,134174032,134174032,SRR8513103,4423.77,PASS,C,C,ENST00000367858.9,nonsynonymous,GAG,GAC,E,D,486,486,162,165,132
ENSG00000118515.11,chr6,134174568,134174568,SRR8513103,2271.77,PASS,C,A,ENST00000367858.9,nonsynonymous,AGG,AAG,R,K,380,380,127,98,71
ENSG00000118515.11,chr6,134172259,134172259,SRR8513105,3520.77,PASS,G,T,ENST00000367858.9,synonymous,GAC,GAT,D,D,1005,1005,335,115,102
ENSG00000118515.11,chr6,134174512,134174512,SRR8513106,2063.77,PASS,G,A,ENST00000367858.9,nonsynonymous,CAC,AAC,H,N,436,436,146,163,71
ENSG00000118515.11,chr6,134174528,134174528,SRR8513109,3451.77,PASS,G,G,ENST00000367858.9,nonsynonymous,AAC,AAG,N,K,420,420,140,286,114
ENSG00000118515.11,chr6,134173556,134173556,SRR8513110,8726.77,PASS,G,T,ENST00000367858.9,nonsynonymous,TCT,TTT,S,F,524,524,175,343,269
ENSG00000118515.11,chr6,134172259,134172259,SRR8513120,6590.77,PASS,G,T,ENST00000367858.9,synonymous,GAC,GAT,D,D,1005,1005,335,178,189
ENSG00000118515.11,chr6,134170843,134170843,SRR8513125,20.8,QD,G,T,ENST00000367858.9,nonsynonymous,CCT,TCT,P,S,1396,1396,466,10,2
ENSG00000118515.11,chr6,134170904,134170904,SRR8513125,21.8,QD,C,A,ENST00000367858.9,synonymous,AAG,AAA,K,K,1335,1335,445,9,2
ENSG00000118515.11,chr6,134172259,134172259,SRR8513126,866.77,PASS,G,T,ENST00000367858.9,synonymous,GAC,GAT,D,D,1005,1005,335,25,27
ENSG00000118515.11,chr6,134262075,134262075,SRR8513126,42.77,PASS,G,T,ENST00000367858.9,nonsynonymous,TCC,TTC,S,F,143,143,48,1,2
ENSG00000118515.11,chr6,134172259,134172259,SRR8513127,8056.77,PASS,G,T,ENST00000367858.9,synonymous,GAC,GAT,D,D,1005,1005,335,90,227
ENSG00000118515.11,chr6,134174517,134174517,SRR8513127,3183.77,PASS,C,A,ENST00000367858.9,nonsynonymous,TGC,TAC,C,Y,431,431,144,69,89
ENSG00000118515.11,chr6,134172259,134172259,SRR8513130,788.77,PASS,G,T,ENST00000367858.9,synonymous,GAC,GAT,D,D,1005,1005,335,37,26
ENSG00000118515.11,chr6,134172259,134172259,SRR8513132,5191.77,PASS,G,T,ENST00000367858.9,synonymous,GAC,GAT,D,D,1005,1005,335,1,135
ENSG00000118515.11,chr6,134174031,134174031,SRR8513133,3203.77,PASS,G,T,ENST00000367858.9,nonsynonymous,CTT,TTT,L,F,487,487,163,219,103
ENSG00000118515.11,chr6,134174571,134174571,SRR8513133,1649.77,PASS,C,A,ENST00000367858.9,nonsynonymous,AGG,AAG,R,K,377,377,126,136,56
ENSG00000118515.11,chr6,134173294,134173294,SRR8513134,5953.77,PASS,C,C,ENST00000367858.9,nonsynonymous,GCA,CCA,A,P,682,682,228,206,179
ENSG00000118515.11,chr6,134173333,134173333,SRR8513134,1311.77,PASS,C,T,ENST00000367858.9,nonsense,GAA,TAA,E,*,643,643,215,240,54
ENSG00000118515.11,chr6,134173481,134173481,SRR8513134,5642.77,PASS,C,T,ENST00000367858.9,nonsynonymous,GGA,GTA,G,V,599,599,200,412,185
ENSG00000118515.11,chr6,134174582,134174582,SRR8513134,2486.77,FS,G,G,ENST00000367858.9,nonsynonymous,TTC,TTG,F,L,366,366,122,79,79
ENSG00000118515.11,chr6,134207402,134207402,SRR8513135,44.77,PASS,G,T,ENST00000367858.9,synonymous,ATC,ATT,I,I,315,315,105,1,2
ENSG00000118515.11,chr6,134172259,134172259,SRR8513141,17307.77,PASS,G,T,ENST00000367858.9,synonymous,GAC,GAT,D,D,1005,1005,335,542,501
ENSG00000118515.11,chr6,134174050,134174050,SRR8513141,8108.77,PASS,G,T,ENST00000367858.9,synonymous,TCC,TCT,S,S,468,468,156,354,247
ENSG00000118515.11,chr6,134172259,134172259,SRR8513142,2838.77,PASS,G,T,ENST00000367858.9,synonymous,GAC,GAT,D,D,1005,1005,335,153,88
ENSG00000118515.11,chr6,134171143,134171143,SRR8513144,41.77,QD,G,T,ENST00000367858.9,synonymous,TAC,TAT,Y,Y,1203,1203,401,27,4
ENSG00000118515.11,chr6,134172259,134172259,SRR8513144,117.77,PASS,G,T,ENST00000367858.9,synonymous,GAC,GAT,D,D,1005,1005,335,28,7
ENSG00000118515.11,chr6,134172259,134172259,SRR8513146,452.77,QD,G,T,ENST00000367858.9,synonymous,GAC,GAT,D,D,1005,1005,335,283,34
ENSG00000118515.11,chr6,134173343,134173343,SRR8513149,8974.77,PASS,T,G,ENST00000367858.9,synonymous,AGA,AGG,R,R,633,633,211,82,243
ENSG00000118515.11,chr6,134174524,134174524,SRR8513150,338.77,PASS,A,C,ENST00000367858.9,nonsynonymous,TAT,CAT,Y,H,424,424,142,23,11
ENSG00000118515.11,chr6,134174586,134174586,SRR8513150,130.77,PASS,G,G,ENST00000367858.9,nonsynonymous,GCT,GGT,A,G,362,362,121,17,6
ENSG00000118515.11,chr6,134172259,134172259,SRR8513151,1984.77,PASS,G,T,ENST00000367858.9,synonymous,GAC,GAT,D,D,1005,1005,335,306,82
ENSG00000118515.11,chr6,134174074,134174074,SRR8513151,1987.77,PASS,T,T,ENST00000367858.9,nonsynonymous,GAA,GAT,E,D,444,444,148,89,58
ENSG00000118515.11,chr6,134174550,134174550,SRR8513151,1425.77,PASS,A,G,ENST00000367858.9,nonsynonymous,TTT,TGT,F,C,398,398,133,85,44
ENSG00000118515.11,chr6,134174568,134174568,SRR8513151,1140.77,PASS,C,C,ENST00000367858.9,nonsynonymous,AGG,ACG,R,T,380,380,127,70,37
ENSG00000118515.11,chr6,134172719,134172719,SRR8513153,1627.77,PASS,T,G,ENST00000367858.9,nonsynonymous,TAT,TGT,Y,C,890,890,297,134,56
ENSG00000118515.11,chr6,134173327,134173327,SRR8513159,93.77,PASS,C,T,ENST00000367858.9,nonsynonymous,GTG,TTG,V,L,649,649,217,12,4
ENSG00000118515.11,chr6,134174031,134174031,SRR8513161,18750.77,PASS,G,T,ENST00000367858.9,nonsynonymous,CTT,TTT,L,F,487,487,163,38,487
ENSG00000118515.11,chr6,134262022,134262022,SRR8513161,311.78,PASS,G,G,ENST00000367858.9,nonsynonymous,CAA,GAA,Q,E,196,196,66,0,8
ENSG00000118515.11,chr6,134172730,134172730,SRR8513165,5762.77,PASS,C,T,ENST00000367858.9,synonymous,CGG,CGT,R,R,879,879,293,181,164
ENSG00000118515.11,chr6,134317425,134317425,SRR8513165,38.77,PASS,C,A,ENST00000367858.9,synonymous,AAG,AAA,K,K,36,36,12,4,2
ENSG00000118515.11,chr6,134172259,134172259,SRR8513166,1574.77,PASS,G,T,ENST00000367858.9,synonymous,GAC,GAT,D,D,1005,1005,335,80,54
ENSG00000118515.11,chr6,134172704,134172704,SRR8513166,773.77,PASS,G,T,ENST00000367858.9,nonsynonymous,GCC,GTC,A,V,905,905,302,73,28
ENSG00000118515.11,chr6,134173124,134173124,SRR8513166,306.77,PASS,G,T,ENST00000367858.9,synonymous,CTG,TTG,L,L,733,733,245,27,11
ENSG00000118515.11,chr6,134173127,134173127,SRR8513166,312.77,PASS,C,A,ENST00000367858.9,nonsynonymous,GTT,ATT,V,I,730,730,244,26,5
ENSG00000118515.11,chr6,134173280,134173280,SRR8513166,76.77,QD,C,A,ENST00000367858.9,synonymous,AAG,AAA,K,K,696,696,232,40,6
ENSG00000118515.11,chr6,134173331,134173331,SRR8513166,248.77,PASS,T,G,ENST00000367858.9,synonymous,GAA,GAG,E,E,645,645,215,29,10
ENSG00000118515.11,chr6,134173498,134173498,SRR8513166,257.77,PASS,G,T,ENST00000367858.9,synonymous,CAC,CAT,H,H,582,582,194,74,13
ENSG00000118515.11,chr6,134174032,134174032,SRR8513166,379.77,PASS,C,A,ENST00000367858.9,synonymous,GAG,GAA,E,E,486,486,162,99,19
ENSG00000118515.11,chr6,134174520,134174520,SRR8513166,295.77,PASS,G,T,ENST00000367858.9,nonsynonymous,GCA,GTA,A,V,428,428,143,56,11
ENSG00000118515.11,chr6,134174528,134174528,SRR8513166,292.77,PASS,G,G,ENST00000367858.9,nonsynonymous,AAC,AAG,N,K,420,420,140,57,10
ENSG00000118515.11,chr6,134174563,134174563,SRR8513166,102.77,SnpCluster,C,A,ENST00000367858.9,nonsynonymous,GGT,AGT,G,S,385,385,129,36,6
ENSG00000118515.11,chr6,134174568,134174568,SRR8513166,123.77,SnpCluster,C,C,ENST00000367858.9,nonsynonymous,AGG,ACG,R,T,380,380,127,41,7
ENSG00000118515.11,chr6,134171665,134171665,SRR8513167,3091.77,PASS,G,T,ENST00000367858.9,nonsynonymous,GCT,GTT,A,V,1139,1139,380,62,86
ENSG00000118515.11,chr6,134172259,134172259,SRR8513170,4655.77,PASS,G,T,ENST00000367858.9,synonymous,GAC,GAT,D,D,1005,1005,335,167,135
ENSG00000118515.11,chr6,134172259,134172259,SRR8513171,1347.77,PASS,G,T,ENST00000367858.9,synonymous,GAC,GAT,D,D,1005,1005,335,341,65
ENSG00000118515.11,chr6,134174031,134174031,SRR8513184,137.77,QD,G,T,ENST00000367858.9,nonsynonymous,CTT,TTT,L,F,487,487,163,234,23
ENSG00000118515.11,chr6,134174032,134174032,SRR8513184,405.77,QD,C,A,ENST00000367858.9,synonymous,GAG,GAA,E,E,486,486,162,221,29
ENSG00000118515.11,chr6,134174586,134174586,SRR8513184,119.77,QD;SnpCluster,G,T,ENST00000367858.9,nonsynonymous,GCT,GTT,A,V,362,362,121,94,13
ENSG00000118515.11,chr6,134174535,134174535,SRR8513186,60.77,PASS,G,T,ENST00000367858.9,nonsynonymous,GCC,GTC,A,V,413,413,138,23,4
ENSG00000118515.11,chr6,134174558,134174558,SRR8513188,28.77,QD,C,A,ENST00000367858.9,synonymous,CTG,CTA,L,L,390,390,130,47,5
ENSG00000118515.11,chr6,134174585,134174585,SRR8513188,64.77,PASS,A,C,ENST00000367858.9,synonymous,GCT,GCC,A,A,363,363,121,20,4
ENSG00000118515.11,chr6,134172259,134172259,SRR8513189,204.77,PASS,G,T,ENST00000367858.9,synonymous,GAC,GAT,D,D,1005,1005,335,6,6
ENSG00000118515.11,chr6,134172259,134172259,SRR8513193,2363.77,PASS,G,T,ENST00000367858.9,synonymous,GAC,GAT,D,D,1005,1005,335,62,69
ENSG00000118515.11,chr6,134317400,134317400,SRR8513195,25.72,PASS,T,TA,ENST00000367858.9,frameshift,AAG,AAG,,,61,61,21,0,2
ENSG00000118515.11,chr6,134172259,134172259,SRR8513197,1698.77,PASS,G,T,ENST00000367858.9,synonymous,GAC,GAT,D,D,1005,1005,335,76,53
ENSG00000118515.11,chr6,134173343,134173343,SRR8513198,3527.77,PASS,T,G,ENST00000367858.9,synonymous,AGA,AGG,R,R,633,633,211,125,103
ENSG00000118515.11,chr6,134172259,134172259,SRR8513199,6659.77,PASS,G,T,ENST00000367858.9,synonymous,GAC,GAT,D,D,1005,1005,335,154,196
ENSG00000118515.11,chr6,134261977,134261977,SRR8513200,48.74,PASS,G,G,ENST00000367858.9,nonsynonymous,CAG,GAG,Q,E,241,241,81,0,2
ENSG00000118515.11,chr6,134172714,134172714,SRR8513201,24.78,PASS,C,C,ENST00000367858.9,nonsynonymous,GCT,CCT,A,P,895,895,299,9,2
ENSG00000118515.11,chr6,134173041,134173041,SRR8513201,32.77,PASS,G,T,ENST00000367858.9,synonymous,GAC,GAT,D,D,816,816,272,6,2
ENSG00000118515.11,chr6,134174070,134174070,SRR8513201,21.8,PASS,G,T,ENST00000367858.9,nonsense,CAG,TAG,Q,*,448,448,150,8,2
ENSG00000118515.11,chr6,134172259,134172259,SRR8513203,7632.77,PASS,G,T,ENST00000367858.9,synonymous,GAC,GAT,D,D,1005,1005,335,61,215
ENSG00000118515.11,chr6,134172259,134172259,SRR8513206,10239.77,PASS,G,T,ENST00000367858.9,synonymous,GAC,GAT,D,D,1005,1005,335,41,277
ENSG00000118515.11,chr6,134262022,134262022,SRR8513206,390.56,PASS,G,G,ENST00000367858.9,nonsynonymous,CAA,GAA,Q,E,196,196,66,1,11
ENSG00000118515.11,chr6,134174031,134174031,SRR8513207,840.77,PASS,G,G,ENST00000367858.9,nonsynonymous,CTT,GTT,L,V,487,487,163,224,41
ENSG00000118515.11,chr6,134262022,134262022,SRR8513207,34.77,QD,G,T,ENST00000367858.9,nonsense,CAA,TAA,Q,*,196,196,66,32,4
ENSG00000118515.11,chr6,134172259,134172259,SRR8513208,1466.77,PASS,G,T,ENST00000367858.9,synonymous,GAC,GAT,D,D,1005,1005,335,52,44
ENSG00000118515.11,chr6,134172259,134172259,SRR8513209,72.77,PASS,G,T,ENST00000367858.9,synonymous,GAC,GAT,D,D,1005,1005,335,15,4
ENSG00000118515.11,chr6,134172287,134172287,SRR8513209,117.77,PASS,T,T,ENST00000367858.9,nonsynonymous,GAT,GTT,D,V,977,977,326,13,5
ENSG00000118515.11,chr6,134173518,134173518,SRR8513209,138.77,PASS,C,A,ENST00000367858.9,nonsynonymous,GCT,ACT,A,T,562,562,188,7,5
ENSG00000118515.11,chr6,134170334,134170334,SRR8513210,494.77,PASS,G,T,ENST00000367858.9,synonymous,AGC,AGT,S,S,1515,1515,505,91,21
ENSG00000118515.11,chr6,134172259,134172259,SRR8513210,7507.77,PASS,G,T,ENST00000367858.9,synonymous,GAC,GAT,D,D,1005,1005,335,326,224
ENSG00000118515.11,chr6,134174516,134174516,SRR8513212,6326.77,SnpCluster,G,G,ENST00000367858.9,nonsynonymous,TGC,TGG,C,W,432,432,144,211,168
ENSG00000118515.11,chr6,134174520,134174520,SRR8513212,6242.77,SnpCluster,G,T,ENST00000367858.9,nonsynonymous,GCA,GTA,A,V,428,428,143,215,177
ENSG00000118515.11,chr6,134174525,134174525,SRR8513212,5819.77,SnpCluster,G,G,ENST00000367858.9,synonymous,TCC,TCG,S,S,423,423,141,247,153
ENSG00000118515.11,chr6,134174528,134174528,SRR8513212,5610.77,SnpCluster,G,G,ENST00000367858.9,nonsynonymous,AAC,AAG,N,K,420,420,140,245,133
ENSG00000118515.11,chr6,134174538,134174538,SRR8513212,2039.77,SnpCluster,A,G,ENST00000367858.9,nonsynonymous,ATT,AGT,I,S,410,410,137,253,50
ENSG00000118515.11,chr6,134174571,134174571,SRR8513212,6651.77,SnpCluster,C,A,ENST00000367858.9,nonsynonymous,AGG,AAG,R,K,377,377,126,46,164
ENSG00000118515.11,chr6,134174575,134174575,SRR8513212,6648.77,SnpCluster,G,T,ENST00000367858.9,nonsense,CAG,TAG,Q,*,373,373,125,45,151
ENSG00000118515.11,chr6,134174580,134174580,SRR8513212,6222.77,SnpCluster,A,C,ENST00000367858.9,nonsynonymous,ATG,ACG,M,T,368,368,123,43,125
ENSG00000118515.11,chr6,134174586,134174586,SRR8513212,4483.77,SnpCluster,G,A,ENST00000367858.9,nonsynonymous,GCT,GAT,A,D,362,362,121,39,46
ENSG00000118515.11,chr6,134173149,134173149,SRR8513215,1513.77,PASS,C,A,ENST00000367858.9,synonymous,AAG,AAA,K,K,708,708,236,44,44
ENSG00000118515.11,chr6,134174528,134174528,SRR8513215,960.77,PASS,G,G,ENST00000367858.9,nonsynonymous,AAC,AAG,N,K,420,420,140,169,40
ENSG00000118515.11,chr6,134170309,134170309,SRR8513219,254.8,PASS,G,T,ENST00000367858.9,synonymous,CTA,TTA,L,L,1540,1540,514,0,7
ENSG00000118515.11,chr6,134171078,134171078,SRR8513219,70.77,PASS,A,C,ENST00000367858.9,nonsynonymous,CTG,CCG,L,P,1268,1268,423,4,4
ENSG00000118515.11,chr6,134171099,134171099,SRR8513219,118.77,PASS,G,T,ENST00000367858.9,nonsynonymous,ACA,ATA,T,I,1247,1247,416,4,4
ENSG00000118515.11,chr6,134173284,134173284,SRR8513219,225.77,PASS,T,G,ENST00000367858.9,nonsynonymous,AAA,AGA,K,R,692,692,231,5,7
ENSG00000118515.11,chr6,134173138,134173138,SRR8513220,43.77,PASS,G,T,ENST00000367858.9,nonsynonymous,TCG,TTG,S,L,719,719,240,11,3
ENSG00000118515.11,chr6,134172259,134172259,SRR8513221,1496.77,PASS,G,T,ENST00000367858.9,synonymous,GAC,GAT,D,D,1005,1005,335,110,53
ENSG00000118515.11,chr6,134174065,134174065,SRR8513221,73.77,QD,G,G,ENST00000367858.9,synonymous,TCC,TCG,S,S,453,453,151,72,8
ENSG00000118515.11,chr6,134174556,134174556,SRR8513221,48.77,QD,T,G,ENST00000367858.9,nonsynonymous,AAC,AGC,N,S,392,392,131,54,6
ENSG00000118515.11,chr6,134172259,134172259,SRR8513224,4978.77,PASS,G,T,ENST00000367858.9,synonymous,GAC,GAT,D,D,1005,1005,335,393,165
ENSG00000118515.11,chr6,134262124,134262124,SRR8513233,331.77,PASS,T,G,ENST00000367858.9,nonsynonymous,ATG,GTG,M,V,94,94,32,10,10
ENSG00000118515.11,chr6,134172259,134172259,SRR8513236,4497.77,PASS,G,T,ENST00000367858.9,synonymous,GAC,GAT,D,D,1005,1005,335,116,128
ENSG00000118515.11,chr6,134173501,134173501,SRR8513238,36.77,QD,A,G,ENST00000367858.9,nonsynonymous,TTT,TTG,F,L,579,579,193,31,4
ENSG00000118515.11,chr6,134173519,134173519,SRR8513238,106.77,QD,A,A,ENST00000367858.9,nonsynonymous,CAT,CAA,H,Q,561,561,187,49,5
ENSG00000118515.11,chr6,134172259,134172259,SRR8513240,1784.77,PASS,G,T,ENST00000367858.9,synonymous,GAC,GAT,D,D,1005,1005,335,60,58
ENSG00000118515.11,chr6,134171662,134171666,SRR8513241,668.73,PASS,ACAGC,T,ENST00000367858.9,frameshift,GCTGTC,TC,,,1138,1142,380:381,279,37
ENSG00000118515.11,chr6,134172259,134172259,SRR8513241,22571.77,PASS,G,T,ENST00000367858.9,synonymous,GAC,GAT,D,D,1005,1005,335,1,550
ENSG00000118515.11,chr6,134174021,134174021,SRR8513241,6620.77,PASS,G,T,ENST00000367858.9,nonsynonymous,GCC,GTC,A,V,497,497,166,227,179
ENSG00000118515.11,chr6,134174031,134174031,SRR8513241,6180.77,PASS,G,T,ENST00000367858.9,nonsynonymous,CTT,TTT,L,F,487,487,163,209,143
ENSG00000118515.11,chr6,134174525,134174525,SRR8513241,6219.77,SnpCluster,G,T,ENST00000367858.9,synonymous,TCC,TCT,S,S,423,423,141,99,155
ENSG00000118515.11,chr6,134174528,134174528,SRR8513241,6219.77,SnpCluster,G,G,ENST00000367858.9,nonsynonymous,AAC,AAG,N,K,420,420,140,100,142
ENSG00000118515.11,chr6,134174545,134174545,SRR8513241,4811.77,SnpCluster,G,G,ENST00000367858.9,nonsynonymous,CAG,GAG,Q,E,403,403,135,93,124
ENSG00000118515.11,chr6,134174575,134174575,SRR8513241,202.77,SnpCluster,G,T,ENST00000367858.9,nonsense,CAG,TAG,Q,*,373,373,125,69,10
ENSG00000118515.11,chr6,134174576,134174576,SRR8513241,199.77,SnpCluster,C,A,ENST00000367858.9,synonymous,AAG,AAA,K,K,372,372,124,71,10
ENSG00000118515.11,chr6,134174586,134174586,SRR8513241,318.77,SnpCluster,G,T,ENST00000367858.9,nonsynonymous,GCT,GTT,A,V,362,362,121,61,13
ENSG00000118515.11,chr6,134262124,134262124,SRR8513242,934.77,PASS,T,G,ENST00000367858.9,nonsynonymous,ATG,GTG,M,V,94,94,32,4,27
ENSG00000118515.11,chr6,134171108,134171108,SRR8513243,51.77,QD,G,T,ENST00000367858.9,nonsynonymous,CCA,CTA,P,L,1238,1238,413,52,6
ENSG00000118515.11,chr6,134174517,134174517,SRR8513244,5247.77,PASS,C,A,ENST00000367858.9,nonsynonymous,TGC,TAC,C,Y,431,431,144,232,147
ENSG00000118515.11,chr6,134174571,134174571,SRR8513244,4292.77,PASS,C,A,ENST00000367858.9,nonsynonymous,AGG,AAG,R,K,377,377,126,192,122
ENSG00000118515.11,chr6,134174516,134174516,SRR8513246,4915.77,PASS,G,G,ENST00000367858.9,nonsynonymous,TGC,TGG,C,W,432,432,144,255,150
ENSG00000118515.11,chr6,134172218,134172218,SRR8513247,55.77,PASS,G,T,ENST00000367858.9,nonsynonymous,ACA,ATA,T,I,1046,1046,349,12,3
ENSG00000118515.11,chr6,134172259,134172259,SRR8513248,10643.77,PASS,G,T,ENST00000367858.9,synonymous,GAC,GAT,D,D,1005,1005,335,345,310
ENSG00000118515.11,chr6,134174031,134174031,SRR8513248,405.77,QD,G,T,ENST00000367858.9,nonsynonymous,CTT,TTT,L,F,487,487,163,328,38
ENSG00000118515.11,chr6,134174073,134174073,SRR8513248,1779.77,PASS,C,C,ENST00000367858.9,nonsynonymous,GTT,CTT,V,L,445,445,149,186,65
ENSG00000118515.11,chr6,134174523,134174523,SRR8513248,193.77,QD,T,T,ENST00000367858.9,nonsynonymous,TAT,TTT,Y,F,425,425,142,237,25
ENSG00000118515.11,chr6,134174586,134174586,SRR8513248,1063.77,PASS,G,G,ENST00000367858.9,nonsynonymous,GCT,GGT,A,G,362,362,121,91,41
ENSG00000118515.11,chr6,134172259,134172259,SRR8513249,7232.77,PASS,G,T,ENST00000367858.9,synonymous,GAC,GAT,D,D,1005,1005,335,232,217
ENSG00000118515.11,chr6,134261964,134261964,SRR8513249,31.77,PASS,G,T,ENST00000367858.9,nonsynonymous,TCA,TTA,S,L,254,254,85,5,2
ENSG00000118515.11,chr6,134172259,134172259,SRR8513252,3099.77,PASS,G,T,ENST00000367858.9,synonymous,GAC,GAT,D,D,1005,1005,335,128,94
ENSG00000118515.11,chr6,134207401,134207401,SRR8513255,60.77,PASS,G,T,ENST00000367858.9,synonymous,CTG,TTG,L,L,316,316,106,10,3
ENSG00000118515.11,chr6,134172259,134172259,SRR8513256,4221.77,PASS,G,T,ENST00000367858.9,synonymous,GAC,GAT,D,D,1005,1005,335,142,124
ENSG00000118515.11,chr6,134174007,134174013,SRR8513256,319.73,PASS,GAGGAGA,C,ENST00000367858.9,nonsynonymous,TCTCCTCCA,CCA,SPP,P,505,511,"c(169, 171)",119,17
ENSG00000118515.11,chr6,134172259,134172259,SRR8513258,5644.77,PASS,G,T,ENST00000367858.9,synonymous,GAC,GAT,D,D,1005,1005,335,70,156
ENSG00000118515.11,chr6,134171701,134171701,SRR8513259,34.77,PASS,G,T,ENST00000367858.9,nonsynonymous,CCT,CTT,P,L,1103,1103,368,5,2
ENSG00000118515.11,chr6,134172259,134172259,SRR8513259,712.77,PASS,G,T,ENST00000367858.9,synonymous,GAC,GAT,D,D,1005,1005,335,11,23
ENSG00000118515.11,chr6,134174555,134174555,SRR8513259,25.78,QD,G,T,ENST00000367858.9,synonymous,AAC,AAT,N,N,393,393,131,11,4
ENSG00000118515.11,chr6,134170309,134170309,SRR8513260,83.77,QD,G,G,ENST00000367858.9,nonsynonymous,CTA,GTA,L,V,1540,1540,514,41,6
ENSG00000118515.11,chr6,134171715,134171715,SRR8513260,346.77,PASS,C,A,ENST00000367858.9,synonymous,GTG,GTA,V,V,1089,1089,363,58,14
ENSG00000118515.11,chr6,134173517,134173517,SRR8513260,32.77,QD,G,G,ENST00000367858.9,nonsynonymous,GCT,GGT,A,G,563,563,188,102,9
ENSG00000118515.11,chr6,134173528,134173528,SRR8513260,107.77,QD,G,G,ENST00000367858.9,synonymous,TCC,TCG,S,S,552,552,184,94,11
ENSG00000118515.11,chr6,134174031,134174031,SRR8513260,359.77,PASS,G,T,ENST00000367858.9,nonsynonymous,CTT,TTT,L,F,487,487,163,126,22
ENSG00000118515.11,chr6,134174568,134174568,SRR8513260,318.77,PASS,C,A,ENST00000367858.9,nonsynonymous,AGG,AAG,R,K,380,380,127,69,13
ENSG00000118515.11,chr6,134174576,134174576,SRR8513260,317.77,PASS,C,C,ENST00000367858.9,nonsynonymous,AAG,AAC,K,N,372,372,124,63,13
ENSG00000118515.11,chr6,134172259,134172259,SRR8513264,1303.77,PASS,G,T,ENST00000367858.9,synonymous,GAC,GAT,D,D,1005,1005,335,44,41
ENSG00000118515.11,chr6,134170344,134170344,SRR8513265,27.77,PASS,A,G,ENST00000367858.9,nonsynonymous,GTC,GGC,V,G,1505,1505,502,5,3
ENSG00000118515.11,chr6,134172259,134172259,SRR8513271,9613.77,PASS,G,T,ENST00000367858.9,synonymous,GAC,GAT,D,D,1005,1005,335,113,277
ENSG00000118515.11,chr6,134173482,134173482,SRR8513272,1524.77,PASS,C,A,ENST00000367858.9,nonsynonymous,GGA,AGA,G,R,598,598,200,419,76
ENSG00000118515.11,chr6,134173512,134173512,SRR8513272,453.77,QD,G,G,ENST00000367858.9,nonsynonymous,CCA,GCA,P,A,568,568,190,480,52
ENSG00000118515.11,chr6,134174031,134174031,SRR8513272,1334.77,PASS,G,G,ENST00000367858.9,nonsynonymous,CTT,GTT,L,V,487,487,163,369,66
ENSG00000118515.11,chr6,134174512,134174512,SRR8513272,499.77,QD;SnpCluster,G,T,ENST00000367858.9,nonsynonymous,CAC,TAC,H,Y,436,436,146,251,34
ENSG00000118515.11,chr6,134174516,134174516,SRR8513272,849.77,SnpCluster,G,G,ENST00000367858.9,nonsynonymous,TGC,TGG,C,W,432,432,144,311,38
ENSG00000118515.11,chr6,134174524,134174524,SRR8513272,873.77,SnpCluster,A,C,ENST00000367858.9,nonsynonymous,TAT,CAT,Y,H,424,424,142,348,47
ENSG00000118515.11,chr6,134174531,134174531,SRR8513272,701.77,QD;SnpCluster,A,A,ENST00000367858.9,nonsynonymous,AAT,AAA,N,K,417,417,139,320,38
ENSG00000118515.11,chr6,134174537,134174537,SRR8513272,1574.77,SnpCluster,A,A,ENST00000367858.9,synonymous,ATT,ATA,I,I,411,411,137,275,67
ENSG00000118515.11,chr6,134174538,134174538,SRR8513272,700.77,SnpCluster,A,A,ENST00000367858.9,nonsynonymous,ATT,AAT,I,N,410,410,137,305,39
ENSG00000118515.11,chr6,134174568,134174568,SRR8513272,815.77,SnpCluster,C,C,ENST00000367858.9,nonsynonymous,AGG,ACG,R,T,380,380,127,247,39
ENSG00000118515.11,chr6,134174576,134174576,SRR8513272,271.77,QD;SnpCluster,C,A,ENST00000367858.9,synonymous,AAG,AAA,K,K,372,372,124,225,22
ENSG00000118515.11,chr6,134174585,134174585,SRR8513272,610.77,SnpCluster,A,A,ENST00000367858.9,synonymous,GCT,GCA,A,A,363,363,121,166,30
ENSG00000118515.11,chr6,134174586,134174586,SRR8513272,146.77,QD;SnpCluster,G,A,ENST00000367858.9,nonsynonymous,GCT,GAT,A,D,362,362,121,166,22
ENSG00000118515.11,chr6,134172259,134172259,SRR8513280,3324.77,PASS,G,T,ENST00000367858.9,synonymous,GAC,GAT,D,D,1005,1005,335,94,89
ENSG00000118515.11,chr6,134172259,134172259,SRR8513284,2125.77,PASS,G,T,ENST00000367858.9,synonymous,GAC,GAT,D,D,1005,1005,335,112,70
ENSG00000118515.11,chr6,134172259,134172259,SRR8513285,4160.77,PASS,G,T,ENST00000367858.9,synonymous,GAC,GAT,D,D,1005,1005,335,166,124
ENSG00000118515.11,chr6,134173343,134173343,SRR8513285,2536.77,PASS,T,G,ENST00000367858.9,synonymous,AGA,AGG,R,R,633,633,211,63,73
ENSG00000118515.11,chr6,134172259,134172259,SRR8513286,16165.77,PASS,G,T,ENST00000367858.9,synonymous,GAC,GAT,D,D,1005,1005,335,0,403
ENSG00000118515.11,chr6,134170412,134170412,SRR8513287,99.77,PASS,G,T,ENST00000367858.9,synonymous,CAC,CAT,H,H,1437,1437,479,8,4
ENSG00000118515.11,chr6,134171137,134171137,SRR8513287,77.77,PASS,G,T,ENST00000367858.9,synonymous,AAC,AAT,N,N,1209,1209,403,17,4
ENSG00000118515.11,chr6,134173131,134173131,SRR8513287,38.77,PASS,C,A,ENST00000367858.9,synonymous,CGG,CGA,R,R,726,726,242,2,2
ENSG00000118515.11,chr6,134174017,134174017,SRR8513287,60.77,QD,G,T,ENST00000367858.9,synonymous,AAC,AAT,N,N,501,501,167,34,5
ENSG00000118515.11,chr6,134172263,134172263,SRR8513289,24.78,PASS,G,T,ENST00000367858.9,nonsynonymous,ACT,ATT,T,I,1001,1001,334,9,2
ENSG00000118515.11,chr6,134173511,134173511,SRR8513289,28.77,PASS,G,T,ENST00000367858.9,nonsynonymous,CCA,CTA,P,L,569,569,190,7,2
ENSG00000118515.11,chr6,134174053,134174053,SRR8513289,23.79,PASS,G,T,ENST00000367858.9,synonymous,ATC,ATT,I,I,465,465,155,9,2
ENSG00000118515.11,chr6,134174565,134174568,SRR8513289,40.73,PASS,ATCC,T,ENST00000367858.9,nonsynonymous,AGGATG,ATG,RM,M,380,383,127:128,2,2
ENSG00000118515.11,chr6,134173309,134173309,SRR8513290,2271.77,PASS,C,C,ENST00000367858.9,nonsynonymous,GTT,CTT,V,L,667,667,223,189,75
ENSG00000118515.11,chr6,134174520,134174520,SRR8513290,5365.77,SnpCluster,G,T,ENST00000367858.9,nonsynonymous,GCA,GTA,A,V,428,428,143,333,146
ENSG00000118515.11,chr6,134174525,134174525,SRR8513290,5462.77,SnpCluster,G,T,ENST00000367858.9,synonymous,TCC,TCT,S,S,423,423,141,363,150
ENSG00000118515.11,chr6,134174528,134174528,SRR8513290,5238.77,SnpCluster,G,A,ENST00000367858.9,nonsynonymous,AAC,AAA,N,K,420,420,140,372,142
ENSG00000118515.11,chr6,134172259,134172259,SRR8513295,5576.77,PASS,G,T,ENST00000367858.9,synonymous,GAC,GAT,D,D,1005,1005,335,201,163
ENSG00000118515.11,chr6,134173343,134173343,SRR8513295,2612.77,PASS,T,G,ENST00000367858.9,synonymous,AGA,AGG,R,R,633,633,211,64,73
